{
  "T": 16,
  "n_seq": 200000,
  "seed": 0,
  "rows": [
    {
      "group": "Z_16",
      "k": 16,
      "maxdev": 0.00036125000000000046
    },
    {
      "group": "S_5",
      "k": 120,
      "maxdev": 0.00014666666666666647
    }
  ]
}